{
    "features": [
        "HR",
        "RR",
        "RMS",
        "Energy",
        "PeakToPeak",
        "IBI_Mean",
        "IBI_STD",
        "Skewness",
        "Kurtosis",
        "DominantFreq",
        "SpectralCentroid",
        "SpectralEntropy",
        "PulseWidth",
        "RiseTime",
        "BandPower"
    ],
    "intercept": [
        101.97653375881322,
        63.978063266180996
    ],
    "coefficients": [
        [
            0.3799964564343103,
            0.2201662717569934,
            0.03919320140809267,
            -0.0023193891863749682,
            4.508569296048782,
            0.02441222876978587,
            0.018205568721086265,
            -0.0010490248194010361,
            7.622278910157995e-05,
            -0.006612189906223717,
            -0.0032529680422309364,
            -0.005415429284045606,
            -0.008265898872815687,
            0.06230719686093176,
            1.1133344749558738e-05
        ],
        [
            0.22011887412759903,
            0.12014710858104798,
            -0.05352348055080014,
            0.001570235939269144,
            1.796257657966409,
            0.011729435197677707,
            -0.020269679893088446,
            0.000900462385282193,
            -0.0002858658686266954,
            0.0024972407285765337,
            0.002871333147563791,
            0.0007976674463613328,
            0.004119520100793942,
            0.02837495272920024,
            -7.535806897593367e-06
        ]
    ],
    "metadata": {
        "mae_sbp": 0.023406129496940712,
        "mae_dbp": 0.02324862874948855,
        "r2_score": 0.9999833204972017,
        "training_samples": 2680
    }
}